<?xml version="1.0"?>
<data grt_format="2.0">
  <value _ptr_="05DA10B8" type="list" content-type="object" content-struct-name="db.mgmt.ServerInstance">
    <value type="object" struct-name="db.mgmt.ServerInstance" id="{AB918AD2-CFD3-4759-8EC2-146DC7472C4A}" struct-checksum="0x367436e2">
      <link type="object" struct-name="db.mgmt.Connection" key="connection">{75FFC639-4C01-4BBE-9220-D63A423341F9}</link>
      <value _ptr_="0AB6B998" type="dict" key="loginInfo">
        <value type="string" key="wmi.hostName"></value>
        <value type="string" key="wmi.userName"></value>
      </value>
      <value _ptr_="0AB6BB18" type="dict" key="serverInfo">
        <value type="string" key="basedir">C:\Program Files (x86)\MySQL\MySQL Server 5.6\</value>
        <value type="string" key="datadir">C:\ProgramData\MySQL\MySQL Server 5.6\Data\</value>
        <value type="string" key="errorLogFilePath">SZYMON-PC.err</value>
        <value type="string" key="generalLogFilePath">SZYMON-PC.log</value>
        <value type="string" key="serverVersion">5.6.23-log</value>
        <value type="int" key="setupPending">0</value>
        <value type="int" key="slowLogEnabled">1</value>
        <value type="string" key="slowLogFilePath">SZYMON-PC-slow.log</value>
        <value type="string" key="sys.config.path">C:\ProgramData\MySQL\MySQL Server 5.6\my.ini</value>
        <value type="int" key="sys.config.path.lock">1</value>
        <value type="string" key="sys.config.section">mysqld</value>
        <value type="string" key="sys.mysqld.service_name">MySQL56</value>
        <value type="string" key="sys.preset">Custom</value>
        <value type="string" key="sys.sudo"></value>
        <value type="string" key="sys.system">Windows</value>
        <value type="int" key="sys.usesudo">0</value>
        <value type="int" key="sys.usesudostatus">0</value>
        <value type="int" key="windowsAdmin">1</value>
      </value>
      <value type="string" key="name">Local MySQL56</value>
    </value>
  </value>
</data>
